state_id,persona,n_masked,n_disclosed,disclosure_rate,n_clarify_turns,n_answered_clarifies,pass1,pass5
BigCodeBench/849,Novice-Learner,2,2,1.0,6,5,0,0
BigCodeBench/849,Busy-Developer,2,0,0.0,0,0,0,0
BigCodeBench/849,Experienced-Engineer,2,2,1.0,1,1,0,0
BigCodeBench/251,Novice-Learner,3,3,1.0,6,3,0,0
BigCodeBench/251,Busy-Developer,3,0,0.0,0,0,0,1
BigCodeBench/251,Experienced-Engineer,3,2,0.6666666666666666,1,1,0,0
BigCodeBench/160,Novice-Learner,7,4,0.5714285714285714,6,4,0,0
BigCodeBench/160,Busy-Developer,7,0,0.0,0,0,0,0
BigCodeBench/160,Experienced-Engineer,7,5,0.7142857142857143,2,1,0,0
BigCodeBench/364,Novice-Learner,3,3,1.0,6,4,0,0
BigCodeBench/364,Busy-Developer,3,0,0.0,0,0,0,0
BigCodeBench/364,Experienced-Engineer,3,2,0.6666666666666666,1,1,0,0
BigCodeBench/318,Novice-Learner,3,2,0.6666666666666666,6,2,1,1
BigCodeBench/318,Busy-Developer,3,0,0.0,0,0,0,0
BigCodeBench/318,Experienced-Engineer,3,2,0.6666666666666666,2,1,0,1
BigCodeBench/315,Novice-Learner,5,3,0.6,6,3,0,0
BigCodeBench/315,Busy-Developer,5,0,0.0,0,0,0,0
BigCodeBench/315,Experienced-Engineer,5,4,0.8,1,1,0,0
BigCodeBench/270,Novice-Learner,2,2,1.0,6,2,1,1
BigCodeBench/270,Busy-Developer,2,0,0.0,0,0,1,1
BigCodeBench/270,Experienced-Engineer,2,2,1.0,1,1,0,1
BigCodeBench/202,Novice-Learner,2,2,1.0,6,4,0,0
BigCodeBench/202,Busy-Developer,2,0,0.0,0,0,0,0
BigCodeBench/202,Experienced-Engineer,2,2,1.0,1,1,0,0
BigCodeBench/701,Novice-Learner,2,2,1.0,6,4,0,0
BigCodeBench/701,Busy-Developer,2,0,0.0,0,0,0,0
BigCodeBench/701,Experienced-Engineer,2,2,1.0,2,1,0,0
BigCodeBench/197,Novice-Learner,2,2,1.0,6,4,0,1
BigCodeBench/197,Busy-Developer,2,0,0.0,0,0,0,0
BigCodeBench/197,Experienced-Engineer,2,2,1.0,1,1,0,1
BigCodeBench/805,Novice-Learner,4,4,1.0,6,5,0,0
BigCodeBench/805,Busy-Developer,4,0,0.0,0,0,0,0
BigCodeBench/805,Experienced-Engineer,4,0,0.0,0,0,0,0
BigCodeBench/566,Novice-Learner,2,1,0.5,6,1,0,0
BigCodeBench/566,Busy-Developer,2,0,0.0,0,0,0,0
BigCodeBench/566,Experienced-Engineer,2,2,1.0,1,1,0,0
BigCodeBench/163,Novice-Learner,3,3,1.0,6,4,0,0
BigCodeBench/163,Busy-Developer,3,0,0.0,0,0,0,0
BigCodeBench/163,Experienced-Engineer,3,2,0.6666666666666666,1,1,0,0
BigCodeBench/1028,Novice-Learner,5,3,0.6,6,3,0,0
BigCodeBench/1028,Busy-Developer,5,0,0.0,0,0,0,0
BigCodeBench/1028,Experienced-Engineer,5,3,0.6,1,1,0,0
BigCodeBench/1049,Novice-Learner,3,3,1.0,6,4,0,0
BigCodeBench/1049,Busy-Developer,3,0,0.0,0,0,0,0
BigCodeBench/1049,Experienced-Engineer,3,2,0.6666666666666666,1,1,0,0
BigCodeBench/307,Novice-Learner,2,2,1.0,6,2,0,0
BigCodeBench/307,Busy-Developer,2,0,0.0,0,0,0,0
BigCodeBench/307,Experienced-Engineer,2,2,1.0,2,1,0,0
BigCodeBench/968,Novice-Learner,4,3,0.75,6,3,0,0
BigCodeBench/968,Busy-Developer,4,0,0.0,0,0,0,0
BigCodeBench/968,Experienced-Engineer,4,0,0.0,6,0,0,0
BigCodeBench/672,Novice-Learner,2,2,1.0,6,2,1,1
BigCodeBench/672,Busy-Developer,2,0,0.0,0,0,1,1
BigCodeBench/672,Experienced-Engineer,2,2,1.0,2,1,1,1
BigCodeBench/798,Novice-Learner,3,3,1.0,6,4,0,0
BigCodeBench/798,Busy-Developer,3,0,0.0,0,0,0,0
BigCodeBench/798,Experienced-Engineer,3,0,0.0,0,0,0,0
BigCodeBench/974,Novice-Learner,3,3,1.0,6,4,0,0
BigCodeBench/974,Busy-Developer,3,0,0.0,0,0,0,0
BigCodeBench/974,Experienced-Engineer,3,3,1.0,1,1,0,0
BigCodeBench/884,Novice-Learner,3,3,1.0,6,3,0,0
BigCodeBench/884,Busy-Developer,3,0,0.0,0,0,0,0
BigCodeBench/884,Experienced-Engineer,3,2,0.6666666666666666,1,1,0,0
BigCodeBench/502,Novice-Learner,1,1,1.0,6,3,0,0
BigCodeBench/502,Busy-Developer,1,0,0.0,0,0,0,0
BigCodeBench/502,Experienced-Engineer,1,1,1.0,2,1,0,0
BigCodeBench/435,Novice-Learner,2,2,1.0,6,2,0,0
BigCodeBench/435,Busy-Developer,2,0,0.0,0,0,0,0
BigCodeBench/435,Experienced-Engineer,2,0,0.0,6,0,0,0
BigCodeBench/575,Novice-Learner,2,2,1.0,6,4,0,0
BigCodeBench/575,Busy-Developer,2,0,0.0,0,0,0,0
BigCodeBench/575,Experienced-Engineer,2,0,0.0,2,0,0,0
BigCodeBench/610,Novice-Learner,4,2,0.5,6,2,0,0
BigCodeBench/610,Busy-Developer,4,0,0.0,0,0,0,0
BigCodeBench/610,Experienced-Engineer,4,4,1.0,1,1,0,0
BigCodeBench/856,Novice-Learner,4,4,1.0,6,5,0,0
BigCodeBench/856,Busy-Developer,4,0,0.0,0,0,1,1
BigCodeBench/856,Experienced-Engineer,4,0,0.0,2,0,0,1
BigCodeBench/1037,Novice-Learner,6,4,0.6666666666666666,6,4,0,0
BigCodeBench/1037,Busy-Developer,6,0,0.0,0,0,0,0
BigCodeBench/1037,Experienced-Engineer,6,4,0.6666666666666666,2,1,0,0
BigCodeBench/678,Novice-Learner,2,2,1.0,6,2,0,0
BigCodeBench/678,Busy-Developer,2,0,0.0,0,0,0,0
BigCodeBench/678,Experienced-Engineer,2,2,1.0,3,1,0,0
BigCodeBench/394,Novice-Learner,2,2,1.0,6,6,0,0
BigCodeBench/394,Busy-Developer,2,0,0.0,0,0,0,0
BigCodeBench/394,Experienced-Engineer,2,2,1.0,2,1,0,0
BigCodeBench/887,Novice-Learner,2,2,1.0,6,5,1,1
BigCodeBench/887,Busy-Developer,2,0,0.0,0,0,1,1
BigCodeBench/887,Experienced-Engineer,2,2,1.0,2,1,1,1
BigCodeBench/122,Novice-Learner,3,3,1.0,6,5,1,1
BigCodeBench/122,Busy-Developer,3,0,0.0,0,0,1,1
BigCodeBench/122,Experienced-Engineer,3,3,1.0,4,1,1,1
BigCodeBench/709,Novice-Learner,2,1,0.5,6,1,0,0
BigCodeBench/709,Busy-Developer,2,0,0.0,0,0,0,0
BigCodeBench/709,Experienced-Engineer,2,2,1.0,1,1,0,0
BigCodeBench/549,Novice-Learner,2,2,1.0,6,3,0,0
BigCodeBench/549,Busy-Developer,2,0,0.0,0,0,1,1
BigCodeBench/549,Experienced-Engineer,2,2,1.0,1,1,0,1
BigCodeBench/287,Novice-Learner,2,1,0.5,6,1,1,1
BigCodeBench/287,Busy-Developer,2,0,0.0,0,0,1,1
BigCodeBench/287,Experienced-Engineer,2,2,1.0,1,1,1,1
BigCodeBench/813,Novice-Learner,2,2,1.0,6,5,0,0
BigCodeBench/813,Busy-Developer,2,0,0.0,0,0,0,0
BigCodeBench/813,Experienced-Engineer,2,0,0.0,0,0,0,0
BigCodeBench/844,Novice-Learner,3,3,1.0,6,4,0,0
BigCodeBench/844,Busy-Developer,3,0,0.0,0,0,0,0
BigCodeBench/844,Experienced-Engineer,3,0,0.0,0,0,0,0
BigCodeBench/170,Novice-Learner,3,3,1.0,6,3,0,0
BigCodeBench/170,Busy-Developer,3,0,0.0,0,0,0,0
BigCodeBench/170,Experienced-Engineer,3,3,1.0,2,1,0,0
BigCodeBench/300,Novice-Learner,5,3,0.6,6,3,0,0
BigCodeBench/300,Busy-Developer,5,0,0.0,0,0,0,0
BigCodeBench/300,Experienced-Engineer,5,4,0.8,1,1,0,0
BigCodeBench/442,Novice-Learner,4,3,0.75,6,3,0,0
BigCodeBench/442,Busy-Developer,4,0,0.0,0,0,0,0
BigCodeBench/442,Experienced-Engineer,4,3,0.75,1,1,0,0
BigCodeBench/650,Novice-Learner,2,1,0.5,6,1,0,1
BigCodeBench/650,Busy-Developer,2,0,0.0,0,0,0,0
BigCodeBench/650,Experienced-Engineer,2,2,1.0,1,1,0,1
BigCodeBench/337,Novice-Learner,4,4,1.0,6,4,1,1
BigCodeBench/337,Busy-Developer,4,0,0.0,0,0,0,0
BigCodeBench/337,Experienced-Engineer,4,3,0.75,1,1,1,1
BigCodeBench/585,Novice-Learner,4,2,0.5,6,2,0,0
BigCodeBench/585,Busy-Developer,4,0,0.0,0,0,0,0
BigCodeBench/585,Experienced-Engineer,4,3,0.75,1,1,0,0
BigCodeBench/272,Novice-Learner,3,1,0.3333333333333333,6,1,0,0
BigCodeBench/272,Busy-Developer,3,0,0.0,0,0,0,0
BigCodeBench/272,Experienced-Engineer,3,2,0.6666666666666666,1,1,0,0
BigCodeBench/560,Novice-Learner,2,2,1.0,6,2,0,0
BigCodeBench/560,Busy-Developer,2,0,0.0,0,0,0,0
BigCodeBench/560,Experienced-Engineer,2,2,1.0,2,2,0,0
BigCodeBench/973,Novice-Learner,4,4,1.0,6,4,0,0
BigCodeBench/973,Busy-Developer,4,0,0.0,0,0,0,0
BigCodeBench/973,Experienced-Engineer,4,0,0.0,2,0,0,0
BigCodeBench/174,Novice-Learner,3,3,1.0,6,4,0,0
BigCodeBench/174,Busy-Developer,3,0,0.0,0,0,0,0
BigCodeBench/174,Experienced-Engineer,3,2,0.6666666666666666,2,1,0,0
BigCodeBench/298,Novice-Learner,5,3,0.6,6,3,0,0
BigCodeBench/298,Busy-Developer,5,0,0.0,0,0,0,0
BigCodeBench/298,Experienced-Engineer,5,4,0.8,2,1,0,0
BigCodeBench/427,Novice-Learner,4,4,1.0,6,4,0,0
BigCodeBench/427,Busy-Developer,4,0,0.0,0,0,0,0
BigCodeBench/427,Experienced-Engineer,4,4,1.0,6,1,0,0
BigCodeBench/516,Novice-Learner,3,3,1.0,6,4,0,0
BigCodeBench/516,Busy-Developer,3,0,0.0,0,0,0,0
BigCodeBench/516,Experienced-Engineer,3,3,1.0,1,1,0,0
BigCodeBench/556,Novice-Learner,2,2,1.0,6,3,1,1
BigCodeBench/556,Busy-Developer,2,0,0.0,0,0,0,0
BigCodeBench/556,Experienced-Engineer,2,2,1.0,2,1,1,1
BigCodeBench/172,Novice-Learner,3,3,1.0,6,4,0,0
BigCodeBench/172,Busy-Developer,3,0,0.0,0,0,0,0
BigCodeBench/172,Experienced-Engineer,3,3,1.0,1,1,0,0
BigCodeBench/510,Novice-Learner,2,2,1.0,6,3,0,1
BigCodeBench/510,Busy-Developer,2,0,0.0,0,0,0,1
BigCodeBench/510,Experienced-Engineer,2,2,1.0,1,1,1,1
BigCodeBench/1085,Novice-Learner,3,3,1.0,6,4,0,0
BigCodeBench/1085,Busy-Developer,3,0,0.0,0,0,0,0
BigCodeBench/1085,Experienced-Engineer,3,3,1.0,1,1,0,0
BigCodeBench/783,Novice-Learner,2,2,1.0,6,3,1,1
BigCodeBench/783,Busy-Developer,2,0,0.0,0,0,0,0
BigCodeBench/783,Experienced-Engineer,2,2,1.0,1,1,0,1
BigCodeBench/432,Novice-Learner,4,4,1.0,6,5,1,1
BigCodeBench/432,Busy-Developer,4,0,0.0,0,0,0,0
BigCodeBench/432,Experienced-Engineer,4,4,1.0,1,1,1,1
BigCodeBench/1129,Novice-Learner,2,2,1.0,6,3,0,0
BigCodeBench/1129,Busy-Developer,2,0,0.0,0,0,0,0
BigCodeBench/1129,Experienced-Engineer,2,2,1.0,1,1,0,0
BigCodeBench/536,Novice-Learner,2,2,1.0,6,2,1,1
BigCodeBench/536,Busy-Developer,2,0,0.0,0,0,0,0
BigCodeBench/536,Experienced-Engineer,2,2,1.0,4,1,1,1
BigCodeBench/127,Novice-Learner,3,3,1.0,6,6,0,0
BigCodeBench/127,Busy-Developer,3,0,0.0,0,0,0,0
BigCodeBench/127,Experienced-Engineer,3,3,1.0,1,1,0,0
BigCodeBench/704,Novice-Learner,2,2,1.0,6,2,0,0
BigCodeBench/704,Busy-Developer,2,0,0.0,0,0,0,0
BigCodeBench/704,Experienced-Engineer,2,2,1.0,1,1,0,0
BigCodeBench/1114,Novice-Learner,2,2,1.0,6,3,0,0
BigCodeBench/1114,Busy-Developer,2,0,0.0,0,0,0,0
BigCodeBench/1114,Experienced-Engineer,2,2,1.0,2,1,0,0
BigCodeBench/866,Novice-Learner,2,0,0.0,6,0,1,1
BigCodeBench/866,Busy-Developer,2,0,0.0,0,0,1,1
BigCodeBench/866,Experienced-Engineer,2,2,1.0,2,1,1,1
BigCodeBench/835,Novice-Learner,2,2,1.0,6,3,0,0
BigCodeBench/835,Busy-Developer,2,0,0.0,0,0,0,0
BigCodeBench/835,Experienced-Engineer,2,2,1.0,1,1,0,0
BigCodeBench/1066,Novice-Learner,5,4,0.8,6,4,0,0
BigCodeBench/1066,Busy-Developer,5,0,0.0,0,0,0,0
BigCodeBench/1066,Experienced-Engineer,5,4,0.8,1,1,0,0
BigCodeBench/1015,Novice-Learner,4,3,0.75,6,3,0,0
BigCodeBench/1015,Busy-Developer,4,0,0.0,0,0,0,0
BigCodeBench/1015,Experienced-Engineer,4,3,0.75,1,1,0,0
BigCodeBench/1069,Novice-Learner,2,2,1.0,6,4,0,1
BigCodeBench/1069,Busy-Developer,2,0,0.0,0,0,0,0
BigCodeBench/1069,Experienced-Engineer,2,2,1.0,2,1,0,0
BigCodeBench/592,Novice-Learner,2,2,1.0,6,3,0,0
BigCodeBench/592,Busy-Developer,2,0,0.0,0,0,0,0
BigCodeBench/592,Experienced-Engineer,2,2,1.0,2,1,0,0
BigCodeBench/925,Novice-Learner,2,2,1.0,6,4,1,1
BigCodeBench/925,Busy-Developer,2,0,0.0,0,0,1,1
BigCodeBench/925,Experienced-Engineer,2,2,1.0,1,1,1,1
BigCodeBench/161,Novice-Learner,3,3,1.0,6,4,0,0
BigCodeBench/161,Busy-Developer,3,0,0.0,0,0,0,0
BigCodeBench/161,Experienced-Engineer,3,3,1.0,1,1,0,0
BigCodeBench/883,Novice-Learner,2,2,1.0,6,3,0,0
BigCodeBench/883,Busy-Developer,2,0,0.0,0,0,0,0
BigCodeBench/883,Experienced-Engineer,2,0,0.0,0,0,0,0
BigCodeBench/289,Novice-Learner,3,2,0.6666666666666666,6,2,0,0
BigCodeBench/289,Busy-Developer,3,0,0.0,0,0,0,0
BigCodeBench/289,Experienced-Engineer,3,3,1.0,1,1,0,0
BigCodeBench/200,Novice-Learner,3,3,1.0,6,4,0,0
BigCodeBench/200,Busy-Developer,3,0,0.0,0,0,0,0
BigCodeBench/200,Experienced-Engineer,3,3,1.0,2,1,0,0
BigCodeBench/212,Novice-Learner,3,2,0.6666666666666666,6,2,1,1
BigCodeBench/212,Busy-Developer,3,0,0.0,0,0,0,0
BigCodeBench/212,Experienced-Engineer,3,3,1.0,2,1,1,1
BigCodeBench/420,Novice-Learner,2,2,1.0,6,2,0,0
BigCodeBench/420,Busy-Developer,2,0,0.0,0,0,0,0
BigCodeBench/420,Experienced-Engineer,2,2,1.0,3,1,0,0
BigCodeBench/763,Novice-Learner,2,2,1.0,6,2,0,0
BigCodeBench/763,Busy-Developer,2,0,0.0,0,0,0,1
BigCodeBench/763,Experienced-Engineer,2,2,1.0,1,1,0,0
BigCodeBench/646,Novice-Learner,2,2,1.0,6,5,0,0
BigCodeBench/646,Busy-Developer,2,0,0.0,0,0,0,0
BigCodeBench/646,Experienced-Engineer,2,2,1.0,1,1,0,0
BigCodeBench/784,Novice-Learner,3,3,1.0,6,4,1,1
BigCodeBench/784,Busy-Developer,3,0,0.0,0,0,1,1
BigCodeBench/784,Experienced-Engineer,3,0,0.0,0,0,1,1
BigCodeBench/458,Novice-Learner,3,3,1.0,6,4,0,0
BigCodeBench/458,Busy-Developer,3,0,0.0,0,0,0,0
BigCodeBench/458,Experienced-Engineer,3,3,1.0,1,1,0,0
BigCodeBench/1087,Novice-Learner,4,3,0.75,6,3,0,0
BigCodeBench/1087,Busy-Developer,4,0,0.0,0,0,0,0
BigCodeBench/1087,Experienced-Engineer,4,4,1.0,1,1,1,1
BigCodeBench/756,Novice-Learner,3,1,0.3333333333333333,6,1,0,0
BigCodeBench/756,Busy-Developer,3,0,0.0,0,0,0,0
BigCodeBench/756,Experienced-Engineer,3,3,1.0,1,1,0,0
BigCodeBench/886,Novice-Learner,5,3,0.6,6,3,0,0
BigCodeBench/886,Busy-Developer,5,0,0.0,0,0,0,0
BigCodeBench/886,Experienced-Engineer,5,4,0.8,3,1,0,0
BigCodeBench/513,Novice-Learner,5,4,0.8,6,4,0,0
BigCodeBench/513,Busy-Developer,5,0,0.0,0,0,0,0
BigCodeBench/513,Experienced-Engineer,5,0,0.0,2,0,0,0
BigCodeBench/302,Novice-Learner,5,4,0.8,6,4,0,0
BigCodeBench/302,Busy-Developer,5,0,0.0,0,0,0,0
BigCodeBench/302,Experienced-Engineer,5,3,0.6,1,1,0,0
BigCodeBench/857,Novice-Learner,2,2,1.0,6,3,0,0
BigCodeBench/857,Busy-Developer,2,0,0.0,0,0,0,0
BigCodeBench/857,Experienced-Engineer,2,2,1.0,1,1,0,0
BigCodeBench/1105,Novice-Learner,3,3,1.0,6,3,0,0
BigCodeBench/1105,Busy-Developer,3,0,0.0,0,0,0,0
BigCodeBench/1105,Experienced-Engineer,3,3,1.0,1,1,0,0
BigCodeBench/651,Novice-Learner,3,3,1.0,6,4,0,0
BigCodeBench/651,Busy-Developer,3,0,0.0,0,0,0,0
BigCodeBench/651,Experienced-Engineer,3,3,1.0,1,1,0,0
BigCodeBench/603,Novice-Learner,2,2,1.0,6,3,0,0
BigCodeBench/603,Busy-Developer,2,0,0.0,0,0,0,0
BigCodeBench/603,Experienced-Engineer,2,2,1.0,1,1,0,1
BigCodeBench/518,Novice-Learner,3,3,1.0,6,5,0,0
BigCodeBench/518,Busy-Developer,3,0,0.0,0,0,0,0
BigCodeBench/518,Experienced-Engineer,3,3,1.0,2,1,0,0
BigCodeBench/758,Novice-Learner,3,3,1.0,6,4,0,0
BigCodeBench/758,Busy-Developer,3,0,0.0,0,0,0,1
BigCodeBench/758,Experienced-Engineer,3,0,0.0,0,0,0,0
BigCodeBench/406,Novice-Learner,4,3,0.75,6,3,1,1
BigCodeBench/406,Busy-Developer,4,0,0.0,0,0,1,1
BigCodeBench/406,Experienced-Engineer,4,0,0.0,2,0,1,1
BigCodeBench/944,Novice-Learner,1,1,1.0,6,1,0,0
BigCodeBench/944,Busy-Developer,1,0,0.0,0,0,0,0
BigCodeBench/944,Experienced-Engineer,1,1,1.0,1,1,0,0
BigCodeBench/659,Novice-Learner,2,2,1.0,6,4,0,0
BigCodeBench/659,Busy-Developer,2,0,0.0,0,0,0,0
BigCodeBench/659,Experienced-Engineer,2,2,1.0,2,1,0,1
BigCodeBench/893,Novice-Learner,3,2,0.6666666666666666,6,2,0,0
BigCodeBench/893,Busy-Developer,3,0,0.0,0,0,0,0
BigCodeBench/893,Experienced-Engineer,3,3,1.0,1,1,0,0
BigCodeBench/517,Novice-Learner,3,2,0.6666666666666666,6,2,0,0
BigCodeBench/517,Busy-Developer,3,0,0.0,0,0,0,0
BigCodeBench/517,Experienced-Engineer,3,3,1.0,1,1,0,1
BigCodeBench/227,Novice-Learner,5,2,0.4,6,2,0,0
BigCodeBench/227,Busy-Developer,5,0,0.0,0,0,0,0
BigCodeBench/227,Experienced-Engineer,5,0,0.0,1,0,0,0
BigCodeBench/613,Novice-Learner,2,2,1.0,6,5,0,0
BigCodeBench/613,Busy-Developer,2,0,0.0,0,0,0,0
BigCodeBench/613,Experienced-Engineer,2,2,1.0,3,1,0,0
BigCodeBench/508,Novice-Learner,3,3,1.0,6,4,1,1
BigCodeBench/508,Busy-Developer,3,0,0.0,0,0,0,1
BigCodeBench/508,Experienced-Engineer,3,3,1.0,2,1,1,1
BigCodeBench/409,Novice-Learner,3,1,0.3333333333333333,6,1,0,0
BigCodeBench/409,Busy-Developer,3,0,0.0,0,0,0,0
BigCodeBench/409,Experienced-Engineer,3,2,0.6666666666666666,1,1,0,0
BigCodeBench/812,Novice-Learner,2,2,1.0,6,2,0,0
BigCodeBench/812,Busy-Developer,2,0,0.0,0,0,0,0
BigCodeBench/812,Experienced-Engineer,2,2,1.0,1,1,0,0
BigCodeBench/129,Novice-Learner,4,2,0.5,6,2,0,0
BigCodeBench/129,Busy-Developer,4,0,0.0,0,0,0,0
BigCodeBench/129,Experienced-Engineer,4,2,0.5,1,1,0,0
BigCodeBench/945,Novice-Learner,1,1,1.0,6,4,0,0
BigCodeBench/945,Busy-Developer,1,0,0.0,0,0,0,0
BigCodeBench/945,Experienced-Engineer,1,1,1.0,5,1,0,0
BigCodeBench/214,Novice-Learner,4,4,1.0,6,5,0,0
BigCodeBench/214,Busy-Developer,4,0,0.0,0,0,0,0
BigCodeBench/214,Experienced-Engineer,4,3,0.75,1,1,0,0
BigCodeBench/392,Novice-Learner,4,3,0.75,6,3,0,0
BigCodeBench/392,Busy-Developer,4,0,0.0,0,0,0,0
BigCodeBench/392,Experienced-Engineer,4,0,0.0,6,0,0,0
BigCodeBench/665,Novice-Learner,2,2,1.0,6,2,1,1
BigCodeBench/665,Busy-Developer,2,0,0.0,0,0,1,1
BigCodeBench/665,Experienced-Engineer,2,2,1.0,2,1,1,1
BigCodeBench/684,Novice-Learner,2,2,1.0,6,2,1,1
BigCodeBench/684,Busy-Developer,2,0,0.0,0,0,1,1
BigCodeBench/684,Experienced-Engineer,2,2,1.0,2,1,1,1
BigCodeBench/469,Novice-Learner,3,3,1.0,6,4,0,0
BigCodeBench/469,Busy-Developer,3,0,0.0,0,0,0,0
BigCodeBench/469,Experienced-Engineer,3,3,1.0,1,1,0,0
BigCodeBench/733,Novice-Learner,2,2,1.0,6,3,0,0
BigCodeBench/733,Busy-Developer,2,0,0.0,0,0,0,0
BigCodeBench/733,Experienced-Engineer,2,2,1.0,1,1,0,0
BigCodeBench/782,Novice-Learner,2,2,1.0,6,6,1,1
BigCodeBench/782,Busy-Developer,2,0,0.0,0,0,0,1
BigCodeBench/782,Experienced-Engineer,2,2,1.0,1,1,1,1
BigCodeBench/926,Novice-Learner,2,2,1.0,6,3,1,1
BigCodeBench/926,Busy-Developer,2,0,0.0,0,0,1,1
BigCodeBench/926,Experienced-Engineer,2,2,1.0,1,1,1,1
BigCodeBench/162,Novice-Learner,3,3,1.0,6,4,1,1
BigCodeBench/162,Busy-Developer,3,0,0.0,0,0,0,0
BigCodeBench/162,Experienced-Engineer,3,2,0.6666666666666666,1,1,0,1
BigCodeBench/476,Novice-Learner,3,3,1.0,6,6,0,0
BigCodeBench/476,Busy-Developer,3,0,0.0,0,0,0,0
BigCodeBench/476,Experienced-Engineer,3,3,1.0,1,1,0,0
BigCodeBench/899,Novice-Learner,3,3,1.0,6,3,0,0
BigCodeBench/899,Busy-Developer,3,0,0.0,0,0,0,0
BigCodeBench/899,Experienced-Engineer,3,2,0.6666666666666666,1,1,0,0
BigCodeBench/290,Novice-Learner,2,2,1.0,6,4,0,0
BigCodeBench/290,Busy-Developer,2,0,0.0,0,0,0,0
BigCodeBench/290,Experienced-Engineer,2,2,1.0,1,1,0,0
BigCodeBench/1027,Novice-Learner,2,2,1.0,6,4,1,1
BigCodeBench/1027,Busy-Developer,2,0,0.0,0,0,0,0
BigCodeBench/1027,Experienced-Engineer,2,2,1.0,1,1,1,1
BigCodeBench/807,Novice-Learner,4,4,1.0,6,4,1,1
BigCodeBench/807,Busy-Developer,4,0,0.0,0,0,1,1
BigCodeBench/807,Experienced-Engineer,4,4,1.0,1,1,1,1
BigCodeBench/710,Novice-Learner,2,2,1.0,6,2,0,1
BigCodeBench/710,Busy-Developer,2,0,0.0,0,0,1,1
BigCodeBench/710,Experienced-Engineer,2,2,1.0,3,1,0,1
BigCodeBench/196,Novice-Learner,3,3,1.0,6,4,0,0
BigCodeBench/196,Busy-Developer,3,0,0.0,0,0,0,0
BigCodeBench/196,Experienced-Engineer,3,2,0.6666666666666666,2,1,0,0
BigCodeBench/761,Novice-Learner,3,3,1.0,6,5,0,0
BigCodeBench/761,Busy-Developer,3,0,0.0,0,0,0,0
BigCodeBench/761,Experienced-Engineer,3,3,1.0,1,1,0,0
BigCodeBench/826,Novice-Learner,2,2,1.0,6,4,0,0
BigCodeBench/826,Busy-Developer,2,0,0.0,0,0,0,0
BigCodeBench/826,Experienced-Engineer,2,0,0.0,6,0,0,0
BigCodeBench/901,Novice-Learner,2,2,1.0,6,3,0,0
BigCodeBench/901,Busy-Developer,2,0,0.0,0,0,0,0
BigCodeBench/901,Experienced-Engineer,2,0,0.0,0,0,0,1
BigCodeBench/501,Novice-Learner,3,3,1.0,6,5,0,0
BigCodeBench/501,Busy-Developer,3,0,0.0,0,0,0,0
BigCodeBench/501,Experienced-Engineer,3,2,0.6666666666666666,1,1,0,0
BigCodeBench/898,Novice-Learner,2,2,1.0,6,3,0,0
BigCodeBench/898,Busy-Developer,2,0,0.0,0,0,0,0
BigCodeBench/898,Experienced-Engineer,2,2,1.0,1,1,0,0
BigCodeBench/445,Novice-Learner,5,4,0.8,6,4,0,0
BigCodeBench/445,Busy-Developer,5,0,0.0,0,0,0,0
BigCodeBench/445,Experienced-Engineer,5,5,1.0,2,2,0,0
BigCodeBench/309,Novice-Learner,2,2,1.0,6,5,0,1
BigCodeBench/309,Busy-Developer,2,0,0.0,0,0,0,1
BigCodeBench/309,Experienced-Engineer,2,2,1.0,1,1,0,1
BigCodeBench/559,Novice-Learner,4,2,0.5,6,2,0,0
BigCodeBench/559,Busy-Developer,4,0,0.0,0,0,0,0
BigCodeBench/559,Experienced-Engineer,4,4,1.0,2,1,0,0
BigCodeBench/237,Novice-Learner,4,4,1.0,6,4,0,0
BigCodeBench/237,Busy-Developer,4,0,0.0,0,0,0,0
BigCodeBench/237,Experienced-Engineer,4,3,0.75,1,1,0,0
BigCodeBench/276,Novice-Learner,2,2,1.0,6,3,0,0
BigCodeBench/276,Busy-Developer,2,0,0.0,0,0,0,0
BigCodeBench/276,Experienced-Engineer,2,2,1.0,1,1,0,0
BigCodeBench/964,Novice-Learner,4,4,1.0,6,4,0,0
BigCodeBench/964,Busy-Developer,4,0,0.0,0,0,0,0
BigCodeBench/964,Experienced-Engineer,4,4,1.0,1,1,0,0
BigCodeBench/1029,Novice-Learner,2,2,1.0,6,3,0,1
BigCodeBench/1029,Busy-Developer,2,0,0.0,0,0,1,1
BigCodeBench/1029,Experienced-Engineer,2,2,1.0,1,1,1,1
BigCodeBench/433,Novice-Learner,2,2,1.0,6,4,1,1
BigCodeBench/433,Busy-Developer,2,0,0.0,0,0,1,1
BigCodeBench/433,Experienced-Engineer,2,2,1.0,1,1,0,1
BigCodeBench/995,Novice-Learner,6,3,0.5,6,3,0,0
BigCodeBench/995,Busy-Developer,6,0,0.0,0,0,0,0
BigCodeBench/995,Experienced-Engineer,6,5,0.8333333333333334,1,1,0,0
BigCodeBench/470,Novice-Learner,2,2,1.0,6,4,0,0
BigCodeBench/470,Busy-Developer,2,0,0.0,0,0,1,1
BigCodeBench/470,Experienced-Engineer,2,2,1.0,1,1,0,1
BigCodeBench/963,Novice-Learner,4,3,0.75,6,3,0,0
BigCodeBench/963,Busy-Developer,4,0,0.0,0,0,0,0
BigCodeBench/963,Experienced-Engineer,4,3,0.75,1,1,0,0
BigCodeBench/868,Novice-Learner,4,3,0.75,6,3,0,0
BigCodeBench/868,Busy-Developer,4,0,0.0,0,0,0,1
BigCodeBench/868,Experienced-Engineer,4,4,1.0,2,1,0,0
BigCodeBench/607,Novice-Learner,3,3,1.0,6,5,0,0
BigCodeBench/607,Busy-Developer,3,0,0.0,0,0,0,0
BigCodeBench/607,Experienced-Engineer,3,3,1.0,2,1,0,0
BigCodeBench/870,Novice-Learner,2,2,1.0,6,5,0,0
BigCodeBench/870,Busy-Developer,2,0,0.0,0,0,0,0
BigCodeBench/870,Experienced-Engineer,2,0,0.0,0,0,0,0
BigCodeBench/943,Novice-Learner,1,1,1.0,6,3,0,0
BigCodeBench/943,Busy-Developer,1,0,0.0,0,0,0,0
BigCodeBench/943,Experienced-Engineer,1,1,1.0,1,1,0,0
BigCodeBench/905,Novice-Learner,1,1,1.0,6,3,1,1
BigCodeBench/905,Busy-Developer,1,0,0.0,0,0,0,0
BigCodeBench/905,Experienced-Engineer,1,1,1.0,1,1,0,0
BigCodeBench/768,Novice-Learner,3,2,0.6666666666666666,6,2,0,0
BigCodeBench/768,Busy-Developer,3,0,0.0,0,0,0,0
BigCodeBench/768,Experienced-Engineer,3,3,1.0,1,1,0,0
BigCodeBench/176,Novice-Learner,3,3,1.0,6,4,0,1
BigCodeBench/176,Busy-Developer,3,0,0.0,0,0,0,1
BigCodeBench/176,Experienced-Engineer,3,3,1.0,1,1,0,0
BigCodeBench/863,Novice-Learner,2,2,1.0,6,4,0,0
BigCodeBench/863,Busy-Developer,2,0,0.0,0,0,0,0
BigCodeBench/863,Experienced-Engineer,2,2,1.0,1,1,0,0
BigCodeBench/738,Novice-Learner,2,2,1.0,6,2,1,1
BigCodeBench/738,Busy-Developer,2,0,0.0,0,0,0,1
BigCodeBench/738,Experienced-Engineer,2,2,1.0,2,1,0,1
BigCodeBench/843,Novice-Learner,3,3,1.0,6,4,0,0
BigCodeBench/843,Busy-Developer,3,0,0.0,0,0,0,0
BigCodeBench/843,Experienced-Engineer,3,2,0.6666666666666666,1,1,0,0
BigCodeBench/582,Novice-Learner,2,2,1.0,6,3,0,0
BigCodeBench/582,Busy-Developer,2,0,0.0,0,0,0,0
BigCodeBench/582,Experienced-Engineer,2,2,1.0,1,1,0,0
BigCodeBench/580,Novice-Learner,2,2,1.0,6,3,0,0
BigCodeBench/580,Busy-Developer,2,0,0.0,0,0,0,0
BigCodeBench/580,Experienced-Engineer,2,2,1.0,1,1,0,0
BigCodeBench/264,Novice-Learner,3,2,0.6666666666666666,6,2,0,0
BigCodeBench/264,Busy-Developer,3,0,0.0,0,0,0,0
BigCodeBench/264,Experienced-Engineer,3,0,0.0,2,0,0,0
BigCodeBench/497,Novice-Learner,3,3,1.0,6,3,0,0
BigCodeBench/497,Busy-Developer,3,0,0.0,0,0,0,0
BigCodeBench/497,Experienced-Engineer,3,3,1.0,1,1,0,0
BigCodeBench/283,Novice-Learner,2,2,1.0,6,2,0,1
BigCodeBench/283,Busy-Developer,2,0,0.0,0,0,1,1
BigCodeBench/283,Experienced-Engineer,2,2,1.0,2,1,1,1
BigCodeBench/809,Novice-Learner,2,2,1.0,6,2,1,1
BigCodeBench/809,Busy-Developer,2,0,0.0,0,0,1,1
BigCodeBench/809,Experienced-Engineer,2,0,0.0,2,0,1,1
BigCodeBench/836,Novice-Learner,2,2,1.0,6,3,0,1
BigCodeBench/836,Busy-Developer,2,0,0.0,0,0,0,0
BigCodeBench/836,Experienced-Engineer,2,0,0.0,1,0,0,0
BigCodeBench/732,Novice-Learner,2,2,1.0,6,3,0,0
BigCodeBench/732,Busy-Developer,2,0,0.0,0,0,0,0
BigCodeBench/732,Experienced-Engineer,2,2,1.0,1,1,0,0
BigCodeBench/1033,Novice-Learner,4,1,0.25,6,1,0,0
BigCodeBench/1033,Busy-Developer,4,0,0.0,0,0,0,0
BigCodeBench/1033,Experienced-Engineer,4,4,1.0,1,1,0,0
BigCodeBench/186,Novice-Learner,3,3,1.0,6,3,0,0
BigCodeBench/186,Busy-Developer,3,0,0.0,0,0,0,0
BigCodeBench/186,Experienced-Engineer,3,2,0.6666666666666666,2,1,0,0
BigCodeBench/688,Novice-Learner,2,2,1.0,6,2,1,1
BigCodeBench/688,Busy-Developer,2,0,0.0,0,0,1,1
BigCodeBench/688,Experienced-Engineer,2,2,1.0,2,2,1,1
BigCodeBench/179,Novice-Learner,3,3,1.0,6,4,0,0
BigCodeBench/179,Busy-Developer,3,0,0.0,0,0,0,0
BigCodeBench/179,Experienced-Engineer,3,2,0.6666666666666666,2,1,0,0
BigCodeBench/952,Novice-Learner,4,3,0.75,6,3,0,0
BigCodeBench/952,Busy-Developer,4,0,0.0,0,0,0,0
BigCodeBench/952,Experienced-Engineer,4,3,0.75,1,1,0,0
BigCodeBench/950,Novice-Learner,5,1,0.2,6,1,1,1
BigCodeBench/950,Busy-Developer,5,0,0.0,0,0,1,1
BigCodeBench/950,Experienced-Engineer,5,5,1.0,1,1,0,0
BigCodeBench/667,Novice-Learner,2,2,1.0,6,2,1,1
BigCodeBench/667,Busy-Developer,2,0,0.0,0,0,0,1
BigCodeBench/667,Experienced-Engineer,2,2,1.0,6,2,1,1
BigCodeBench/750,Novice-Learner,1,1,1.0,6,4,0,0
BigCodeBench/750,Busy-Developer,1,0,0.0,0,0,0,0
BigCodeBench/750,Experienced-Engineer,1,0,0.0,0,0,0,0
BigCodeBench/232,Novice-Learner,4,2,0.5,6,2,0,0
BigCodeBench/232,Busy-Developer,4,0,0.0,0,0,0,0
BigCodeBench/232,Experienced-Engineer,4,2,0.5,1,1,0,0
BigCodeBench/828,Novice-Learner,4,3,0.75,6,3,0,0
BigCodeBench/828,Busy-Developer,4,0,0.0,0,0,0,0
BigCodeBench/828,Experienced-Engineer,4,0,0.0,2,0,0,0
BigCodeBench/743,Novice-Learner,2,2,1.0,6,2,0,0
BigCodeBench/743,Busy-Developer,2,0,0.0,0,0,0,0
BigCodeBench/743,Experienced-Engineer,2,0,0.0,2,0,0,0
BigCodeBench/246,Novice-Learner,4,3,0.75,6,3,0,0
BigCodeBench/246,Busy-Developer,4,0,0.0,0,0,0,0
BigCodeBench/246,Experienced-Engineer,4,0,0.0,2,0,0,0
BigCodeBench/1024,Novice-Learner,4,4,1.0,6,6,0,0
BigCodeBench/1024,Busy-Developer,4,0,0.0,0,0,0,0
BigCodeBench/1024,Experienced-Engineer,4,3,0.75,1,1,0,0
BigCodeBench/204,Novice-Learner,2,2,1.0,6,4,1,1
BigCodeBench/204,Busy-Developer,2,0,0.0,0,0,0,0
BigCodeBench/204,Experienced-Engineer,2,2,1.0,2,1,1,1
BigCodeBench/624,Novice-Learner,2,2,1.0,6,4,0,0
BigCodeBench/624,Busy-Developer,2,0,0.0,0,0,0,0
BigCodeBench/624,Experienced-Engineer,2,2,1.0,1,1,0,0
BigCodeBench/1054,Novice-Learner,6,2,0.3333333333333333,6,2,1,1
BigCodeBench/1054,Busy-Developer,6,0,0.0,0,0,1,1
BigCodeBench/1054,Experienced-Engineer,6,0,0.0,3,0,0,0
BigCodeBench/1126,Novice-Learner,2,2,1.0,6,4,0,1
BigCodeBench/1126,Busy-Developer,2,0,0.0,0,0,1,1
BigCodeBench/1126,Experienced-Engineer,2,2,1.0,2,1,0,1
BigCodeBench/529,Novice-Learner,4,4,1.0,6,4,0,1
BigCodeBench/529,Busy-Developer,4,0,0.0,0,0,0,0
BigCodeBench/529,Experienced-Engineer,4,4,1.0,2,1,0,0
BigCodeBench/817,Novice-Learner,3,3,1.0,6,3,0,0
BigCodeBench/817,Busy-Developer,3,0,0.0,0,0,0,0
BigCodeBench/817,Experienced-Engineer,3,0,0.0,0,0,0,0
BigCodeBench/192,Novice-Learner,3,1,0.3333333333333333,6,1,0,0
BigCodeBench/192,Busy-Developer,3,0,0.0,0,0,0,0
BigCodeBench/192,Experienced-Engineer,3,3,1.0,1,1,0,0
BigCodeBench/402,Novice-Learner,4,4,1.0,6,5,0,0
BigCodeBench/402,Busy-Developer,4,0,0.0,0,0,0,0
BigCodeBench/402,Experienced-Engineer,4,4,1.0,1,1,0,0
BigCodeBench/691,Novice-Learner,2,2,1.0,6,4,0,0
BigCodeBench/691,Busy-Developer,2,0,0.0,0,0,0,1
BigCodeBench/691,Experienced-Engineer,2,2,1.0,3,1,0,0
BigCodeBench/314,Novice-Learner,3,3,1.0,6,4,0,0
BigCodeBench/314,Busy-Developer,3,0,0.0,0,0,0,0
BigCodeBench/314,Experienced-Engineer,3,3,1.0,2,1,0,0
BigCodeBench/933,Novice-Learner,2,2,1.0,6,3,0,0
BigCodeBench/933,Busy-Developer,2,0,0.0,0,0,0,0
BigCodeBench/933,Experienced-Engineer,2,2,1.0,1,1,0,0
BigCodeBench/1107,Novice-Learner,2,2,1.0,6,4,0,0
BigCodeBench/1107,Busy-Developer,2,0,0.0,0,0,0,0
BigCodeBench/1107,Experienced-Engineer,2,2,1.0,1,1,0,0
BigCodeBench/571,Novice-Learner,2,2,1.0,6,3,0,0
BigCodeBench/571,Busy-Developer,2,0,0.0,0,0,0,0
BigCodeBench/571,Experienced-Engineer,2,2,1.0,1,1,0,0
BigCodeBench/982,Novice-Learner,2,2,1.0,6,2,1,1
BigCodeBench/982,Busy-Developer,2,0,0.0,0,0,0,0
BigCodeBench/982,Experienced-Engineer,2,2,1.0,1,1,1,1
BigCodeBench/1021,Novice-Learner,4,2,0.5,6,2,0,0
BigCodeBench/1021,Busy-Developer,4,0,0.0,0,0,0,0
BigCodeBench/1021,Experienced-Engineer,4,4,1.0,1,1,0,1
BigCodeBench/267,Novice-Learner,4,4,1.0,6,5,0,0
BigCodeBench/267,Busy-Developer,4,0,0.0,0,0,0,0
BigCodeBench/267,Experienced-Engineer,4,4,1.0,2,1,0,0
BigCodeBench/1058,Novice-Learner,2,2,1.0,6,3,0,0
BigCodeBench/1058,Busy-Developer,2,0,0.0,0,0,0,0
BigCodeBench/1058,Experienced-Engineer,2,2,1.0,1,1,0,0
BigCodeBench/225,Novice-Learner,4,3,0.75,6,3,0,0
BigCodeBench/225,Busy-Developer,4,0,0.0,0,0,0,0
BigCodeBench/225,Experienced-Engineer,4,3,0.75,1,1,0,0
BigCodeBench/588,Novice-Learner,2,2,1.0,6,4,0,0
BigCodeBench/588,Busy-Developer,2,0,0.0,0,0,0,0
BigCodeBench/588,Experienced-Engineer,2,2,1.0,1,1,0,0
BigCodeBench/735,Novice-Learner,2,2,1.0,6,3,1,1
BigCodeBench/735,Busy-Developer,2,0,0.0,0,0,0,0
BigCodeBench/735,Experienced-Engineer,2,2,1.0,3,2,1,1
BigCodeBench/148,Novice-Learner,2,2,1.0,6,3,0,1
BigCodeBench/148,Busy-Developer,2,0,0.0,0,0,1,1
BigCodeBench/148,Experienced-Engineer,2,2,1.0,1,1,1,1
BigCodeBench/243,Novice-Learner,4,4,1.0,6,4,0,0
BigCodeBench/243,Busy-Developer,4,0,0.0,0,0,0,0
BigCodeBench/243,Experienced-Engineer,4,3,0.75,1,1,0,0
BigCodeBench/313,Novice-Learner,3,3,1.0,6,4,0,0
BigCodeBench/313,Busy-Developer,3,0,0.0,0,0,0,0
BigCodeBench/313,Experienced-Engineer,3,3,1.0,4,1,0,0
BigCodeBench/1051,Novice-Learner,5,5,1.0,6,6,0,0
BigCodeBench/1051,Busy-Developer,5,0,0.0,0,0,0,0
BigCodeBench/1051,Experienced-Engineer,5,4,0.8,1,1,0,0
BigCodeBench/149,Novice-Learner,4,4,1.0,6,4,0,0
BigCodeBench/149,Busy-Developer,4,0,0.0,0,0,0,0
BigCodeBench/149,Experienced-Engineer,4,3,0.75,4,1,0,0
BigCodeBench/245,Novice-Learner,2,2,1.0,6,4,0,1
BigCodeBench/245,Busy-Developer,2,0,0.0,0,0,1,1
BigCodeBench/245,Experienced-Engineer,2,0,0.0,6,0,0,0
BigCodeBench/989,Novice-Learner,5,2,0.4,6,2,0,0
BigCodeBench/989,Busy-Developer,5,0,0.0,0,0,0,0
BigCodeBench/989,Experienced-Engineer,5,3,0.6,3,1,0,0
BigCodeBench/1010,Novice-Learner,5,3,0.6,6,3,1,1
BigCodeBench/1010,Busy-Developer,5,0,0.0,0,0,1,1
BigCodeBench/1010,Experienced-Engineer,5,5,1.0,3,1,0,0
BigCodeBench/247,Novice-Learner,4,3,0.75,6,3,0,0
BigCodeBench/247,Busy-Developer,4,0,0.0,0,0,0,0
BigCodeBench/247,Experienced-Engineer,4,2,0.5,1,1,0,0
BigCodeBench/647,Novice-Learner,2,2,1.0,6,4,0,0
BigCodeBench/647,Busy-Developer,2,0,0.0,0,0,0,0
BigCodeBench/647,Experienced-Engineer,2,2,1.0,1,1,0,0
BigCodeBench/746,Novice-Learner,3,3,1.0,6,3,0,0
BigCodeBench/746,Busy-Developer,3,0,0.0,0,0,0,0
BigCodeBench/746,Experienced-Engineer,3,3,1.0,1,1,0,0
BigCodeBench/676,Novice-Learner,2,2,1.0,6,3,1,1
BigCodeBench/676,Busy-Developer,2,0,0.0,0,0,0,0
BigCodeBench/676,Experienced-Engineer,2,2,1.0,1,1,0,0
BigCodeBench/958,Novice-Learner,3,3,1.0,6,3,0,0
BigCodeBench/958,Busy-Developer,3,0,0.0,0,0,0,0
BigCodeBench/958,Experienced-Engineer,3,2,0.6666666666666666,2,1,0,0
BigCodeBench/224,Novice-Learner,6,2,0.3333333333333333,6,2,0,0
BigCodeBench/224,Busy-Developer,6,0,0.0,0,0,0,0
BigCodeBench/224,Experienced-Engineer,6,6,1.0,1,1,0,0
BigCodeBench/152,Novice-Learner,3,3,1.0,6,4,0,0
BigCodeBench/152,Busy-Developer,3,0,0.0,0,0,0,0
BigCodeBench/152,Experienced-Engineer,3,2,0.6666666666666666,2,1,0,0
BigCodeBench/111,Novice-Learner,3,3,1.0,6,4,0,0
BigCodeBench/111,Busy-Developer,3,0,0.0,0,0,0,0
BigCodeBench/111,Experienced-Engineer,3,0,0.0,6,0,0,0
BigCodeBench/221,Novice-Learner,3,3,1.0,6,4,0,0
BigCodeBench/221,Busy-Developer,3,0,0.0,0,0,0,0
BigCodeBench/221,Experienced-Engineer,3,2,0.6666666666666666,1,1,0,0
